SKU,Title
BONUSCHECK,Bonuscheck
BONUSCHECK1,"Bonuscheck, normalmoms"
BONUSCHECK2,"Bonuscheck, matmoms"
BONUSCHECK3,"Bonuscheck, bokmoms"
BONUSCHECK4,"Bonuscheck, momsfri"
CAI034,JASMIN PALETTE
CAI037,VANESSAS KIT
CAI096,BERRY KISS
CAI099,THAT EXTRA GLOW
CAI1000,FÖRKÖP CAIA JULKALENDER
CAI1005,LARGE KIT – NORMAL SKIN
CAI1006,LARGE KIT – DRY/SENSITIVE
CAI1007,LARGE KIT – OILY/COMBINATION
CAI1008,STAY ALL NIGHT
CAI1009,LOOK INTO MY EYES
CAI1012,GIFT CARD
CAI1013,UNDER THE TREE
CAI1014,ALL I WANT FOR XMAS
CAI1015,SANTA'S FAVES
CAI1018,GIFT CARD
CAI102-ASKASTEST-01,CAIA TOP SECRET PRODUCT
CAI102-ASKASTEST-04,#004
CAI1022,BLUSHED LOOK
CAI1023,GLOW UP
CAI1032,BB-KIT
CAI1036,EVERYDAY COLLECTION
CAI1053,LET'S GLOW ABOUT IT
CAI1061,IN THE TROPICS
CAI1062,AFTER BEACH KIT
CAI1071,BUONALIMA KIT
CAI108,ULTIMATE BRUSH KIT - EYES
CAI1099,PERFECT ANGLED COMBO
CAI1106,GOLD DIGGER
CAI1109,IT GIRL KIT
CAI1112,ALL ABOUT BALANCE
CAI112,MY DARLING
CAI1145,SUMMER OF ’23
CAI1148,SUN’S OUT
CAI1180,DEWY KIT
CAI1250,Eyelash Curler - Pocket Mirror
CAI1255,CAIA GLOW KIT
CAI1262,SOFT BLEND
CAI1263,BRONZING BALM SET
CAI1264,BLUSH BALM SET
CAI1265,CREAMY BASE
CAI1266,ADORABLE LIPS
CAI1268,SUNKISSED GLOW
CAI1269,HOT GLOW
CAI1270,BRONZED &amp; BALMY
CAI1274,WAKE ME UP KIT
CAI132,REDWOOD
CAI136,EDGY
CAI146,SENTEUR de CAIA
CAI147,METALLICS PALETTE
CAI157,LUV PUPPIE
CAI159,GIGGLES
CAI161,ULTIMATE BRUSH KIT - FACE
CAI171,STUNNING LIP KIT
CAI181,PRIME SET GO!
CAI195,GLOWING BASE KIT
CAI205,THE PERFECT PRIME - OILY SKIN
CAI214,PEARL SWIRL
CAI215,BRONZED BEACH
CAI2537,SUNKISSED DEWY STICK FAIR
CAI2544,SUNKISSED DEWY STICK TAN
CAI260,MAUI
CAI261,CAPE TOWN
CAI264,BELIZE
CAI2780,HOT TOAST
CAI287,RED CARPET PRIME - LIGHT TO MEDIUM
CAI288,RED CARPET PRIME - MEDIUM TO DEEP
CAI310,INSPIRATION
CAI311,FULL BROW GEL CLEAR
CAI322,CHÉRIE
CAI335,TAUPE
CAI337,EBONY
CAI407,GOLDEN GLOSS  OLD FORMULA
CAI408,PINKY GLOSS OLD FORMULA
CAI414,YOSEMITE
CAI415,HYDRATING LIP BALM
CAI428,GOLDEN GLOSS
CAI469,ADORABLE GLOSS
CAI470,ADORABLE LIP LINER
CAI483,GOLDEN GLOSS
CAI554,SMOOTH &amp; STYLE HAIR BRUSH
CAI601,FITS ALL PINK BAG
CAI603,PENNVÄSSARE
CAI604,"PINCETT, VINKLAD"
CAI606,EYESHADOW KIT
CAI6108,GLOW PATROL
CAI612,MAKEUPBIBELEN
CAI6122,ASTRID BAG
CAI6153,SMALL BEAUTY CASE
CAI6160,SILVER HAIR CLIPS
CAI618,WATERPROOF KIT
CAI6181,FITS ALL MINI BROWN
CAI6198,BEAUTY CASE
CAI620,LA NUIT PERFUME
CAI621,LA NUIT BODY
CAI628,BRUSH KIT - MEDIUM
CAI629,BRUSH KIT - LARGE
CAI6327,GIFT CARD FLAGSHIP
CAI635,GLOSSY LIPS
CAI6392,EASTER EGG KORT
CAI640,PINK LOVE KIT
CAI643,LIQUID LIP KIT
CAI645,LOVISAS LIP KIT
CAI646,LOVISAS EYE KIT
CAI647,BIANCAS LIP KIT
CAI648,BIANCAS EYE KIT
CAI654,CAIA CHRISTMAS CALENDAR
CAI654X,CAIA CHRISTMAS CALENDAR - ANDRAHANDSSORT.
CAI654XX,CAIA CHRISTMAS CALENDAR
CAI659,PINK SMALL ORGANIZER
CAI660,WHITE SMALL ORGANIZER
CAI665,CAIA TOTE BAG
CAI668,BEST SELLER KIT
CAI679,BIANCAS KIT
CAI696,TROPICAL BEACH BAG
CAI704,SPECIAL KIT
CAI710,HAIR CLIPS
CAI714,LA NUIT SAMPLE
CAI715,SENSO SAMPLE
CAI716,AMICI SAMPLE
CAI717,LE CIEL SAMPLE
CAI755,LE SOIR Sample 2ml
CAI758,LE CIEL Sample 2ml
CAI808,HYDRA BOOST DAY CREAM
CAI815,THE SLEEPING BEAUTY NIGHT CREAM
CAI832,LA NUIT BODY SCRUB
CAI840,RADIANCE TAN SELF TAN MIST
CAI855,RED CARPET FACE MASK
CAI880,THAT DEWY LOOK SERUM
CAI888,SILKY SENSATION LE SOIR LUMIÈRE
PRESENTKORT,E-Presentkort
RABATTKOD,Rabattkod
RABATTKOD1,"Rabattkod, normalmoms"
RABATTKOD2,"Rabattkod, matmoms"
RABATTKOD3,"Rabattkod, bokmoms"
RABATTKOD4,"Rabattkod, momsfri"
